"sep=,"
Тренд! Джинсы Only. Новые! Размер 29/32,550 грн.,Вишневое,https://www.olx.ua/obyavlenie/trend-dzhinsy-only-novye-razmer-29-32-IDAOxUi.html#4bebf37b0d
Продам мужскую осенне-весеннюю кожаную куртку,2 800 грн.,"Киев, Дарницкий",https://www.olx.ua/obyavlenie/prodam-muzhskuyu-osenne-vesennyuyu-kozhanuyu-kurtku-IDBeCZu.html#4bebf37b0d
"Пальто, курточка весна-осень",150 грн.,"Днепр, Бабушкинский",https://www.olx.ua/obyavlenie/palto-kurtochka-vesna-osen-IDxL07k.html#4bebf37b0d
"Шльопки літні lorbacsa, шлёпки",250 грн.,"Львов, Сиховский",https://www.olx.ua/obyavlenie/shlopki-ltn-lorbacsa-shlepki-IDssRtK.html#4bebf37b0d
Продам костюм б/у в хорошем состояни 48-50,400 грн.,"Харьков, Киевский",https://www.olx.ua/obyavlenie/prodam-kostyum-b-u-v-horoshem-sostoyani-48-50-IDqPljQ.html#4bebf37b0d
Продам босоніжки,200 грн.,Луцк,https://www.olx.ua/obyavlenie/prodam-bosonzhki-IDAkihq.html#4bebf37b0d
"Джинсы, размер 42-44",260 грн.,Новоград-Волынский,https://www.olx.ua/obyavlenie/dzhinsy-razmer-42-44-IDwMlPc.html?sd=1#4bebf37b0d
Кроссовки Adidas x Pharrell Williams Human Race NMD yellow,1 199 грн.,Степная,https://www.olx.ua/obyavlenie/krossovki-adidas-x-pharrell-williams-human-race-nmd-yellow-IDB3qho.html#4bebf37b0d;promoted
Юбка COS,300 грн.,"Запорожье, Днепровский",https://www.olx.ua/obyavlenie/yubka-cos-IDBeCXE.html#4bebf37b0d
Футболки,45 грн.,Черновцы,https://www.olx.ua/obyavlenie/futbolki-IDAxkc4.html#4bebf37b0d
вещи бесплатно,Бесплатно,Крюковщина,https://www.olx.ua/obyavlenie/veschi-besplatno-IDBeCJ8.html#4bebf37b0d
Платье Pull&Bear кожа + подарок,450 грн.,Кулиничи,https://www.olx.ua/obyavlenie/plate-pull-bear-kozha-podarok-IDyqhus.html#4bebf37b0d
Балетки,300 грн.,"Киев, Печерский",https://www.olx.ua/obyavlenie/baletki-IDAlcUY.html#4bebf37b0d
Женские кожаные куртки,1 800 грн.,Хмельницкий,https://www.olx.ua/obyavlenie/zhenskie-kozhanye-kurtki-IDw8AOE.html#4bebf37b0d
Кроссовки мужские Nike Air Presto! Супер цвет!,699 грн.,"Киев, Шевченковский",https://www.olx.ua/obyavlenie/krossovki-muzhskie-nike-air-presto-super-tsvet-IDzrsHo.html?sd=1#4bebf37b0d;promoted
Платье,150 грн.,Дергачи,https://www.olx.ua/obyavlenie/plate-IDwFHYm.html#4bebf37b0d
Костюм ZARA Bacic (чол.),1 600 грн.,Косов,https://www.olx.ua/obyavlenie/kostyum-zara-bacic-chol-IDASFGQ.html#4bebf37b0d
Шуба мутон,5 300 грн.,"Днепр, Ленинский",https://www.olx.ua/obyavlenie/shuba-muton-IDBeCVr.html#4bebf37b0d
Пальто,300 грн.,"Запорожье, Коммунарский",https://www.olx.ua/obyavlenie/palto-IDtakbc.html#4bebf37b0d
Adidas Terrex solo,1 600 грн.,"Киев, Святошинский",https://www.olx.ua/obyavlenie/adidas-terrex-solo-IDBeCWN.html#4bebf37b0d
Кроссовки мужские Reebok Classic Black!,799 грн.,"Киев, Шевченковский",https://www.olx.ua/obyavlenie/krossovki-muzhskie-reebok-classic-black-IDB9KUX.html?sd=1#4bebf37b0d;promoted
Новый спортивный костюм Asos Zara H&M,500 грн.,"Киев, Подольский",https://www.olx.ua/obyavlenie/novyy-sportivnyy-kostyum-asos-zara-h-m-IDz2W9v.html#4bebf37b0d
Женские босоножки чёрные б/у,120 грн.,"Львов, Галицкий",https://www.olx.ua/obyavlenie/zhenskie-bosonozhki-chernye-b-u-IDBeCWI.html?sd=1#4bebf37b0d
Новые кожаные итальянские туфли 40 р.,800 грн.,"Одесса, Приморский",https://www.olx.ua/obyavlenie/novye-kozhanye-italyanskie-tufli-40-r-IDufcY0.html#4bebf37b0d
футболка Ellesse рефлектив (lacoste\prada\norse projects),300 грн.,"Киев, Голосеевский",https://www.olx.ua/obyavlenie/futbolka-ellesse-reflektiv-lacoste-prada-norse-projects-IDBeCWn.html#4bebf37b0d
Зимние ботинки Lowa Trident GTX. Размер 39,1 300 грн.,Наталовка,https://www.olx.ua/obyavlenie/zimnie-botinki-lowa-trident-gtx-razmer-39-IDBeCW8.html#4bebf37b0d
кофта спортивна реглан,300 грн.,Ковель,https://www.olx.ua/obyavlenie/kofta-sportivna-reglan-IDpCJBq.html#4bebf37b0d
НОВИНКА!!! Кросівки Nike Air Max 270 . Кроссовки. Красовки ТОП якість,1 185 грн.,Хмельницкий,https://www.olx.ua/obyavlenie/novinka-krosvki-nike-air-max-270-krossovki-krasovki-top-yakst-IDB0Wqm.html#4bebf37b0d;promoted
Босоножки,600 грн.,"Киев, Деснянский",https://www.olx.ua/obyavlenie/bosonozhki-IDBeCUA.html?sd=1#4bebf37b0d
Платье,250 грн.,Ямполь,https://www.olx.ua/obyavlenie/plate-IDz7Ece.html#4bebf37b0d
Продам кожаные босоножки,300 грн.,Черкассы,https://www.olx.ua/obyavlenie/prodam-kozhanye-bosonozhki-IDASutM.html#4bebf37b0d
Пиджак кожаный натуральный.,180 грн.,"Кропивницкий, Кировский район",https://www.olx.ua/obyavlenie/pidzhak-kozhanyy-naturalnyy-IDoSCz0.html?sd=1#4bebf37b0d
Продам фирменные гетры Nike,150 грн.,Херсон,https://www.olx.ua/obyavlenie/prodam-firmennye-getry-nike-IDvma9s.html?sd=1#4bebf37b0d
Шапка zara,100 грн.,Дергачи,https://www.olx.ua/obyavlenie/shapka-zara-IDARjOM.html#4bebf37b0d
"Платье , размер s, m",300 грн.,Новоград-Волынский,https://www.olx.ua/obyavlenie/plate-razmer-s-m-IDz8VwK.html#4bebf37b0d
Коктельное платье,120 грн.,Пирятин,https://www.olx.ua/obyavlenie/koktelnoe-plate-IDzJy0m.html#4bebf37b0d
Джинсы Bershka,180 грн.,Кулиничи,https://www.olx.ua/obyavlenie/dzhinsy-bershka-IDyqgPa.html#4bebf37b0d
"Туфли , 39 размер",50 грн.,Новоград-Волынский,https://www.olx.ua/obyavlenie/tufli-39-razmer-IDz88BG.html#4bebf37b0d
Випускне плаття,2 000 грн.,Ланчин,https://www.olx.ua/obyavlenie/vipuskne-plattya-IDzCbwo.html#4bebf37b0d
Юбка для беременных,200 грн.,Пирятин,https://www.olx.ua/obyavlenie/yubka-dlya-beremennyh-IDzCHdk.html?sd=1#dd520772d8
"Футболка, майка",50 грн.,Новоград-Волынский,https://www.olx.ua/obyavlenie/futbolka-mayka-IDz8XvM.html#dd520772d8
Продам розовую ночную рубашку,120 грн.,Чернигов,https://www.olx.ua/obyavlenie/prodam-rozovuyu-nochnuyu-rubashku-IDAykRm.html#dd520772d8
Спортивная кофта,70 грн.,"Киев, Шевченковский",https://www.olx.ua/obyavlenie/sportivnaya-kofta-IDxAysy.html#dd520772d8
Красивые босоножки rifellini турция на весну,350 грн.,Черновцы,https://www.olx.ua/obyavlenie/krasivye-bosonozhki-rifellini-turtsiya-na-vesnu-IDy6nLS.html?sd=1#dd520772d8
Продам платье,200 грн.,Чернигов,https://www.olx.ua/obyavlenie/prodam-plate-IDAylvq.html#dd520772d8
Продам бедые штаны,150 грн.,Чернигов,https://www.olx.ua/obyavlenie/prodam-bedye-shtany-IDAylFm.html#dd520772d8
Туника на новый год,300 грн.,Вишневое,https://www.olx.ua/obyavlenie/tunika-na-novyy-god-IDvQOeu.html#dd520772d8
Кеды женские,60 грн.,"Днепр, Ленинский",https://www.olx.ua/obyavlenie/kedy-zhenskie-IDBeCO5.html#dd520772d8
Продам тканевые тапочки 26 см по стельке,100 грн.,"Киев, Деснянский",https://www.olx.ua/obyavlenie/prodam-tkanevye-tapochki-26-sm-po-stelke-IDBeCNM.html#dd520772d8
Бандаж до и послеродовый,120 грн.,Никополь,https://www.olx.ua/obyavlenie/bandazh-do-i-poslerodovyy-IDzEhfV.html#dd520772d8
Легкая пуховая куртка Armani Jeans,1 200 грн.,"Киев, Голосеевский",https://www.olx.ua/obyavlenie/legkaya-puhovaya-kurtka-armani-jeans-IDsh2mi.html#dd520772d8
Кроссовки Geox respira,1 300 грн.,"Киев, Днепровский",https://www.olx.ua/obyavlenie/krossovki-geox-respira-IDxIyZC.html#dd520772d8
Сандалі жіночі 35 розмір.,280 грн.,Нижнее Болотное,https://www.olx.ua/obyavlenie/sandal-zhnoch-35-rozmr-IDspYp4.html#dd520772d8
Блузка,300 грн.,Бровары,https://www.olx.ua/obyavlenie/bluzka-IDw3xhM.html#dd520772d8
Олимпийка Nike Jordan (lacoste\burberry\carhartt),350 грн.,"Киев, Голосеевский",https://www.olx.ua/obyavlenie/olimpiyka-nike-jordan-lacoste-burberry-carhartt-IDBeCNr.html#dd520772d8
Білий светрик 46_48 розміру,65 грн.,Здолбунов,https://www.olx.ua/obyavlenie/bliy-svetrik-46-48-rozmru-IDBeCN7.html#dd520772d8
Туфлі жіночі,250 грн.,Савинцы,https://www.olx.ua/obyavlenie/tufl-zhnoch-IDBeCN8.html#dd520772d8
Ботинки осенние - весенние,200 грн.,"Запорожье, Коммунарский",https://www.olx.ua/obyavlenie/botinki-osennie-vesennie-IDBeCNi.html#dd520772d8
Ботинки осенние,1 000 грн.,"Кропивницкий, Ленинский район",https://www.olx.ua/obyavlenie/botinki-osennie-IDBeCN3.html#dd520772d8
Пуховик,2 500 грн.,"Кривой Рог, Жовтневый",https://www.olx.ua/obyavlenie/puhovik-IDznBIg.html#dd520772d8
Босоножки каблук + ещё одни в подарок,400 грн.,"Киев, Святошинский",https://www.olx.ua/obyavlenie/bosonozhki-kabluk-esche-odni-v-podarok-IDmo84V.html#dd520772d8
Кросівки жіночі. Дешево,700 грн.,Ровно,https://www.olx.ua/obyavlenie/krosvki-zhnoch-deshevo-IDBbgzQ.html#dd520772d8;promoted
Шорты джинсовые Denim co,150 грн.,Хмельницкий,https://www.olx.ua/obyavlenie/shorty-dzhinsovye-denim-co-IDz52fi.html?sd=1#dd520772d8
блузка туника футболка большой размер,275 грн.,"Киев, Соломенский",https://www.olx.ua/obyavlenie/bluzka-tunika-futbolka-bolshoy-razmer-IDzY7pI.html#dd520772d8
Продам босоножки,150 грн.,"Николаев, Ингульский",https://www.olx.ua/obyavlenie/prodam-bosonozhki-IDuxqq4.html#dd520772d8
Продам женское осеннее пальто б/у.,270 грн.,Брянка,https://www.olx.ua/obyavlenie/prodam-zhenskoe-osennee-palto-b-u-IDuCB8C.html#dd520772d8
Туфли Plato 39 размер,300 грн.,"Киев, Деснянский",https://www.olx.ua/obyavlenie/tufli-plato-39-razmer-IDtqUNO.html#dd520772d8
Кожанная юбка с оборкой,150 грн.,"Николаев, Ингульский",https://www.olx.ua/obyavlenie/kozhannaya-yubka-s-oborkoy-IDBeCMk.html#dd520772d8
Туфли,200 грн.,Полтава,https://www.olx.ua/obyavlenie/tufli-IDyi3bY.html#dd520772d8
Продам Парку.,500 грн.,Баловка,https://www.olx.ua/obyavlenie/prodam-parku-IDBeCM9.html#dd520772d8
"Мокасины женские Columbia, оригинал.",400 грн.,Макеевка,https://www.olx.ua/obyavlenie/mokasiny-zhenskie-columbia-original-IDya3kk.html#dd520772d8
Сарафан/платье на шнуровке 'Лео',60 грн.,Шостка,https://www.olx.ua/obyavlenie/sarafan-plate-na-shnurovke-leo-IDnL1su.html?sd=1#dd520772d8
джинсовая рубашка h&m,60 грн.,Крюковщина,https://www.olx.ua/obyavlenie/dzhinsovaya-rubashka-h-m-IDBeCFD.html?sd=1#dd520772d8
Рубашка (синий цвет),40 грн.,"Киев, Шевченковский",https://www.olx.ua/obyavlenie/rubashka-siniy-tsvet-IDyFflc.html#dd520772d8
CRANE сандалии трекинговые босоножки треккинговые,380 грн.,"Киев, Оболонский",https://www.olx.ua/obyavlenie/crane-sandalii-trekingovye-bosonozhki-trekkingovye-IDAU2H4.html?sd=1#dd520772d8
Босоножки UGG,300 грн.,"Харьков, Холодногорский",https://www.olx.ua/obyavlenie/bosonozhki-ugg-IDzF6yU.html#dd520772d8
"Платье, Victoria Victoria Beckham",730 грн.,Юбилейное,https://www.olx.ua/obyavlenie/plate-victoria-victoria-beckham-IDvrKAc.html#dd520772d8
Рваные джинсы с высокой посадкой скинни,300 грн.,"Львов, Сиховский",https://www.olx.ua/obyavlenie/rvanye-dzhinsy-s-vysokoy-posadkoy-skinni-IDp7QQg.html#dd520772d8
Куртка ветровка дождевик Columbia sportswear company XXL,690 грн.,"Днепр, Жовтневый",https://www.olx.ua/obyavlenie/kurtka-vetrovka-dozhdevik-columbia-sportswear-company-xxl-IDymwGI.html#0554803900
Рубашка-платье,200 грн.,"Донецк, Киевский",https://www.olx.ua/obyavlenie/rubashka-plate-IDngDl2.html#0554803900
Продам ботильоны,350 грн.,"Днепр, Ленинский",https://www.olx.ua/obyavlenie/prodam-botilony-IDBeCLl.html#0554803900
Легінси (термоодяг),300 грн.,"Николаев, Центральный",https://www.olx.ua/obyavlenie/legnsi-termoodyag-IDuPWLc.html#0554803900
"Мокасины, Лоферы Thom McAn",450 грн.,Долина,https://www.olx.ua/obyavlenie/mokasiny-lofery-thom-mcan-IDqmZkk.html#0554803900
Футболка,50 грн.,Ямполь,https://www.olx.ua/obyavlenie/futbolka-IDAdCl8.html#0554803900
Дубльонка,900 грн.,Иршава,https://www.olx.ua/obyavlenie/dublonka-IDBeCL2.html#0554803900
Кроссовки Nike Lunarglide 5,690 грн.,Каменское,https://www.olx.ua/obyavlenie/krossovki-nike-lunarglide-5-IDBeCGv.html?sd=1#0554803900
Олимпийка Kappa лампасы (tommy hilfiger\ralph lauren\patagonia),300 грн.,"Киев, Голосеевский",https://www.olx.ua/obyavlenie/olimpiyka-kappa-lampasy-tommy-hilfiger-ralph-lauren-patagonia-IDBeCL0.html#0554803900
"Классные Кроссовки Brooks 44 размер , 28 см",1 050 грн.,"Харьков, Индустриальный",https://www.olx.ua/obyavlenie/klassnye-krossovki-brooks-44-razmer-28-sm-IDtVtHI.html#0554803900
Кроссовки Haglofs GORE-TEX не промокающие ботинки Хаглофс Оригинал,250 грн.,"Киев, Оболонский",https://www.olx.ua/obyavlenie/krossovki-haglofs-gore-tex-ne-promokayuschie-botinki-haglofs-original-IDyZtdQ.html#0554803900
Туфли-лодочки Кожа,400 грн.,"Николаев, Центральный",https://www.olx.ua/obyavlenie/tufli-lodochki-kozha-IDz3h5C.html#0554803900
Продам юбку H&M,350 грн.,Васильков,https://www.olx.ua/obyavlenie/prodam-yubku-h-m-IDBbVQK.html#0554803900
Рубашка,500 грн.,Енакиево,https://www.olx.ua/obyavlenie/rubashka-IDyxF24.html#0554803900
костюм,250 грн.,"Донецк, Ворошиловский",https://www.olx.ua/obyavlenie/kostyum-IDwk6z0.html#0554803900
Under Armour ColdGear Термо Рашгард Компрессионный Размер М-Л Оригинал,450 грн.,"Киев, Оболонский",https://www.olx.ua/obyavlenie/under-armour-coldgear-termo-rashgard-kompressionnyy-razmer-m-l-original-IDz87VC.html#0554803900
Туфли кожаные,125 грн.,"Донецк, Ворошиловский",https://www.olx.ua/obyavlenie/tufli-kozhanye-IDA2RAg.html#0554803900
"Продам футболку, ручная роспись, xs",400 грн.,Васильков,https://www.olx.ua/obyavlenie/prodam-futbolku-ruchnaya-rospis-xs-IDBe5r4.html#0554803900
Кроссовки NIKE AIR YEEZY 2 NRG 508214-006 Изи Найк 36 22.5 см,850 грн.,"Киев, Оболонский",https://www.olx.ua/obyavlenie/krossovki-nike-air-yeezy-2-nrg-508214-006-izi-nayk-36-22-5-sm-IDySnn8.html#0554803900
Кожанка женская,300 грн.,Лозовая,https://www.olx.ua/obyavlenie/kozhanka-zhenskaya-IDl7bTg.html#0554803900
Оригинальные кроссовки Reebok новые!,999 грн.,"Запорожье, Днепровский",https://www.olx.ua/obyavlenie/originalnye-krossovki-reebok-novye-IDBdrJC.html#0554803900;promoted
Комбенизон для беременных,370 грн.,Димитров,https://www.olx.ua/obyavlenie/kombenizon-dlya-beremennyh-IDB2knW.html#0554803900;promoted
"Спортивное платье U,S,POLO",730 грн.,Здолбунов,https://www.olx.ua/obyavlenie/sportivnoe-plate-u-s-polo-IDBeCK4.html#0554803900
Кроссовки мужские,1 400 грн.,Юнокоммунаровск,https://www.olx.ua/obyavlenie/krossovki-muzhskie-IDzf1gK.html#0554803900
Зимние сапоги 37р.,300 грн.,"Одесса, Приморский",https://www.olx.ua/obyavlenie/zimnie-sapogi-37r-IDvA1to.html#0554803900
кроссовки Adidas Gazelle,900 грн.,"Одесса, Приморский",https://www.olx.ua/obyavlenie/krossovki-adidas-gazelle-IDBeCJP.html#0554803900
Педжак мужской,250 грн.,"Донецк, Ворошиловский",https://www.olx.ua/obyavlenie/pedzhak-muzhskoy-IDvV5CE.html#0554803900
Продам пальто женское,800 грн.,"Киев, Деснянский",https://www.olx.ua/obyavlenie/prodam-palto-zhenskoe-IDuSTaM.html#0554803900
Кожаный пиджак куртка Монголия 52-54,2 670 грн.,"Житомир, Центр",https://www.olx.ua/obyavlenie/kozhanyy-pidzhak-kurtka-mongoliya-52-54-IDr0rOK.html?sd=1#0554803900
Олімпійка Dsquared 2 stone island original jaket,1 762 грн.,"Винница, Ленинский",https://www.olx.ua/obyavlenie/olmpyka-dsquared-2-stone-island-original-jaket-IDAuqZk.html#0554803900
Женские туфли Carlo Pazolini,800 грн.,"Киев, Деснянский",https://www.olx.ua/obyavlenie/zhenskie-tufli-carlo-pazolini-IDmDzbi.html#0554803900
Туфли Basconi,500 грн.,Софиевская Борщаговка,https://www.olx.ua/obyavlenie/tufli-basconi-IDvXrW4.html#0554803900
Доставка в подарок! Шляпка канотье + набор из 5 лент в подарок),380 грн.,"Киев, Днепровский",https://www.olx.ua/obyavlenie/dostavka-v-podarok-shlyapka-kanote-nabor-iz-5-lent-v-podarok-IDAM0li.html#0554803900;promoted
Шикарная куртка кожа лайка с вышевкой,1 250 грн.,Днепровское,https://www.olx.ua/obyavlenie/shikarnaya-kurtka-kozha-layka-s-vyshevkoy-IDfxZu8.html#0554803900
Босоножки,600 грн.,Лозовая,https://www.olx.ua/obyavlenie/bosonozhki-IDiVM98.html#0554803900
Кроссовки,1 000 грн.,Софиевская Борщаговка,https://www.olx.ua/obyavlenie/krossovki-IDxA8sG.html#0554803900
Купальник,300 грн.,Юнокоммунаровск,https://www.olx.ua/obyavlenie/kupalnik-IDAF2Os.html#0554803900
Босоножки,150 грн.,Полтава,https://www.olx.ua/obyavlenie/bosonozhki-IDyi3oV.html#0554803900
Продам весенне-осеннее женское пальто,800 грн.,Березань,https://www.olx.ua/obyavlenie/prodam-vesenne-osennee-zhenskoe-palto-IDpVbLY.html#0554803900
Джинсовый пиджак,100 грн.,Ямполь,https://www.olx.ua/obyavlenie/dzhinsovyy-pidzhak-IDz7EN2.html#98798a04fb
Туфли р. 39 кожа,500 грн.,Макеевка,https://www.olx.ua/obyavlenie/tufli-r-39-kozha-IDz2koc.html#98798a04fb
Веснняньі туфльі,280 грн.,Нижнее Болотное,https://www.olx.ua/obyavlenie/vesnnyan-tufl-IDsq3hc.html#98798a04fb
Продаб туфлі,250 грн.,Нижнее Болотное,https://www.olx.ua/obyavlenie/prodab-tufl-IDspXOa.html#98798a04fb
Блузка,95 грн.,"Винница, Старогородской",https://www.olx.ua/obyavlenie/bluzka-IDxTZIG.html#98798a04fb
Балетки Новые,215 грн.,"Киев, Деснянский",https://www.olx.ua/obyavlenie/baletki-novye-IDBeCDO.html?sd=1#98798a04fb
Stone island ellesse weekend offender kappa,1 600 грн.,Луцк,https://www.olx.ua/obyavlenie/stone-island-ellesse-weekend-offender-kappa-IDBeCPO.html#98798a04fb
Кроссовки Adidas Gazelle,700 грн.,Горбани,https://www.olx.ua/obyavlenie/krossovki-adidas-gazelle-IDBeCPZ.html#98798a04fb
Ботиьоны Elite by Monarch 38 Натур Кожа- шикарные!,139 грн.,"Харьков, Киевский",https://www.olx.ua/obyavlenie/botiony-elite-by-monarch-38-natur-kozha-shikarnye-IDqrQJV.html#98798a04fb
Cапоги,600 грн.,"Киев, Дарницкий",https://www.olx.ua/obyavlenie/capogi-IDnQJxs.html#98798a04fb
Продам пиджачок.,250 грн.,Котовск,https://www.olx.ua/obyavlenie/prodam-pidzhachok-IDBeCPV.html#98798a04fb
Кожаные босоножки,380 грн.,"Винница, Старогородской",https://www.olx.ua/obyavlenie/kozhanye-bosonozhki-IDyAvzy.html#98798a04fb
"Очки СССР,стекло, новые",399 грн.,"Житомир, Крошня",https://www.olx.ua/obyavlenie/ochki-sssr-steklo-novye-IDAU82I.html#98798a04fb
Victoria secret 3в1,1 100 грн.,"Запорожье, Александровский",https://www.olx.ua/obyavlenie/victoria-secret-3v1-IDATi1i.html#98798a04fb
Спортивний костюм Gucci,200 грн.,Вишневое,https://www.olx.ua/obyavlenie/sportivniy-kostyum-gucci-IDBeCPS.html#98798a04fb
Толстовка с волком,200 грн.,Каменское,https://www.olx.ua/obyavlenie/tolstovka-s-volkom-IDvWCI6.html?sd=1#98798a04fb
Туфли синие. Лак,200 грн.,Черкассы,https://www.olx.ua/obyavlenie/tufli-sinie-lak-IDtFPWQ.html#98798a04fb
Футболка (Course),100 грн.,"Киев, Шевченковский",https://www.olx.ua/obyavlenie/futbolka-course-IDyFhwO.html#98798a04fb
Босоножки,600 грн.,Покотиловка,https://www.olx.ua/obyavlenie/bosonozhki-IDqXXHs.html#98798a04fb
Туфли,500 грн.,Покотиловка,https://www.olx.ua/obyavlenie/tufli-IDqXYhg.html#98798a04fb
Кросівки жіночі,400 грн.,"Киев, Голосеевский",https://www.olx.ua/obyavlenie/krosvki-zhnoch-IDBeCPu.html#98798a04fb
Шлёпанцы. Размер 38-39,300 грн.,"Львов, Галицкий",https://www.olx.ua/obyavlenie/shlepantsy-razmer-38-39-IDATdAG.html#98798a04fb
Слипони слипоны new look new life,299 грн.,Луцк,https://www.olx.ua/obyavlenie/sliponi-slipony-new-look-new-life-IDATPsK.html#98798a04fb
Юбка с принтом,80 грн.,Черкассы,https://www.olx.ua/obyavlenie/yubka-s-printom-IDz7S1a.html#98798a04fb
"Куртка,джинсовка Dolce&Gabbana",2 711 грн.,"Винница, Ленинский",https://www.olx.ua/obyavlenie/kurtka-dzhinsovka-dolce-gabbana-IDzCc6G.html#98798a04fb
Новая майка Nike DryFit размер XS,500 грн.,"Одесса, Приморский",https://www.olx.ua/obyavlenie/novaya-mayka-nike-dryfit-razmer-xs-IDzrbe6.html#98798a04fb
"Liu Jo, Dolce Gabana Lux джинсы с дocтaвкой. Качeство - супep!",790 грн.,"Львов, Галицкий",https://www.olx.ua/obyavlenie/liu-jo-dolce-gabana-lux-dzhinsy-s-doctavkoy-kachestvo-supep-IDBeCPl.html#98798a04fb
Сарафан,200 грн.,"Днепр, Красногвардейский",https://www.olx.ua/obyavlenie/sarafan-IDAjDCc.html#98798a04fb
"Набор (пакет) летних вещей 5 единиц (шорты, юбка, футболка)",120 грн.,"Днепр, Ленинский",https://www.olx.ua/obyavlenie/nabor-paket-letnih-veschey-5-edinits-shorty-yubka-futbolka-IDBeCOW.html?sd=1#98798a04fb
Пальто Весна/Осінь,1 000 грн.,Каменец-Подольский,https://www.olx.ua/obyavlenie/palto-vesna-osn-IDrHi6C.html#98798a04fb
Балетки женские,200 грн.,"Харьков, Червонозаводской",https://www.olx.ua/obyavlenie/baletki-zhenskie-IDw0rkI.html#98798a04fb
"Шуба мутоновая, срочно продам",6 350 грн.,"Николаев, Заводский",https://www.olx.ua/obyavlenie/shuba-mutonovaya-srochno-prodam-IDtwUW6.html?sd=1#98798a04fb
"Юбка , мини юбка, размер с,м.",70 грн.,Новоград-Волынский,https://www.olx.ua/obyavlenie/yubka-mini-yubka-razmer-s-m-IDz8XGE.html#98798a04fb
нове плаття з біркою,390 грн.,Луцк,https://www.olx.ua/obyavlenie/nove-plattya-z-brkoyu-IDB7sqG.html#98798a04fb
Стильное пальто ICON,499 грн.,Софиевская Борщаговка,https://www.olx.ua/obyavlenie/stilnoe-palto-icon-IDBeCOG.html#98798a04fb
Продам,550 грн.,Чернигов,https://www.olx.ua/obyavlenie/prodam-IDzDsP0.html#98798a04fb
Umbro,250 грн.,Луцк,https://www.olx.ua/obyavlenie/umbro-IDASW6u.html#98798a04fb
Купальник,200 грн.,Синельниково,https://www.olx.ua/obyavlenie/kupalnik-IDBeCOL.html#98798a04fb
Зимние ботинки Nivas,500 грн.,Вышгород,https://www.olx.ua/obyavlenie/zimnie-botinki-nivas-IDyc1Um.html#98798a04fb
Юбка для беременных,200 грн.,Пирятин,https://www.olx.ua/obyavlenie/yubka-dlya-beremennyh-IDzCHdk.html?sd=1#0867f9d540
Бейсболка /кепка Wati B,115 грн.,Шостка,https://www.olx.ua/obyavlenie/beysbolka-kepka-wati-b-IDrfXrK.html?sd=1#0867f9d540
Куртка косуха бежевая тёплая женская (жакет под zara),349 грн.,"Киев, Днепровский",https://www.olx.ua/obyavlenie/kurtka-kosuha-bezhevaya-teplaya-zhenskaya-zhaket-pod-zara-IDtWeOv.html#0867f9d540
"Футболка, майка",50 грн.,Новоград-Волынский,https://www.olx.ua/obyavlenie/futbolka-mayka-IDz8XvM.html#0867f9d540
New Balance 373,2 000 грн.,Белая Церковь,https://www.olx.ua/obyavlenie/new-balance-373-IDzSkbo.html#0867f9d540
Спортивная кофта,70 грн.,"Киев, Шевченковский",https://www.olx.ua/obyavlenie/sportivnaya-kofta-IDxAysy.html#0867f9d540
Продам розовую ночную рубашку,120 грн.,Чернигов,https://www.olx.ua/obyavlenie/prodam-rozovuyu-nochnuyu-rubashku-IDAykRm.html#0867f9d540
Ночнушка с длинным рукавом,100 грн.,Пирятин,https://www.olx.ua/obyavlenie/nochnushka-s-dlinnym-rukavom-IDymWNi.html#0867f9d540
Шапка мужская,70 грн.,"Кривой Рог, Саксаганский",https://www.olx.ua/obyavlenie/shapka-muzhskaya-IDwVOpo.html#0867f9d540
Красивые босоножки rifellini турция на весну,350 грн.,Черновцы,https://www.olx.ua/obyavlenie/krasivye-bosonozhki-rifellini-turtsiya-na-vesnu-IDy6nLS.html?sd=1#0867f9d540
Продам новые туфли,200 грн.,Чернигов,https://www.olx.ua/obyavlenie/prodam-novye-tufli-IDAPSxi.html#0867f9d540
"Кроссовки New Balance 1600, оригинал (247,574,580,530,1500,996,999,998",3 550 грн.,"Киев, Соломенский",https://www.olx.ua/obyavlenie/krossovki-new-balance-1600-original-247-574-580-530-1500-996-999-998-IDAUkHG.html?sd=1#0867f9d540
ботинки кожа,650 грн.,Березань,https://www.olx.ua/obyavlenie/botinki-kozha-IDuszgm.html#0867f9d540
Продам платье,200 грн.,Чернигов,https://www.olx.ua/obyavlenie/prodam-plate-IDAylvq.html#0867f9d540
"Юбка-карандаш новая, спідниця классическая, синяя, ТУ, 42-44",50 грн.,Скадовск,https://www.olx.ua/obyavlenie/yubka-karandash-novaya-spdnitsya-klassicheskaya-sinyaya-tu-42-44-IDBeCOc.html#0867f9d540
"Футболка,Polo Kappa Italia",280 грн.,"Винница, Ленинский",https://www.olx.ua/obyavlenie/futbolka-polo-kappa-italia-IDlAwCS.html#0867f9d540
"Женские джинсы, Турция",600 грн.,"Киев, Дарницкий",https://www.olx.ua/obyavlenie/zhenskie-dzhinsy-turtsiya-IDAGoaO.html#0867f9d540
Продам бедые штаны,150 грн.,Чернигов,https://www.olx.ua/obyavlenie/prodam-bedye-shtany-IDAylFm.html#0867f9d540
Мужские джинсы G-STAR RAW 3D Radar Jack Pant,900 грн.,Белая Церковь,https://www.olx.ua/obyavlenie/muzhskie-dzhinsy-g-star-raw-3d-radar-jack-pant-IDue3Zq.html#0867f9d540
Блуза футболка Dorothy Perkins,80 грн.,Дергачи,https://www.olx.ua/obyavlenie/bluza-futbolka-dorothy-perkins-IDAvsx4.html#0867f9d540
Туника на новый год,300 грн.,Вишневое,https://www.olx.ua/obyavlenie/tunika-na-novyy-god-IDvQOeu.html#0867f9d540
Туфли кожаные Gabor,569 грн.,"Киев, Соломенский",https://www.olx.ua/obyavlenie/tufli-kozhanye-gabor-IDBeCNY.html#0867f9d540
Кеды женские,60 грн.,"Днепр, Ленинский",https://www.olx.ua/obyavlenie/kedy-zhenskie-IDBeCO5.html#0867f9d540
Продам тканевые тапочки 26 см по стельке,100 грн.,"Киев, Деснянский",https://www.olx.ua/obyavlenie/prodam-tkanevye-tapochki-26-sm-po-stelke-IDBeCNM.html#0867f9d540
Бандаж до и послеродовый,120 грн.,Никополь,https://www.olx.ua/obyavlenie/bandazh-do-i-poslerodovyy-IDzEhfV.html#0867f9d540
Продажа босоножек 36 размер 30 грн.,30 грн.,"Харьков, Червонозаводской",https://www.olx.ua/obyavlenie/prodazha-bosonozhek-36-razmer-30-grn-IDAiDIE.html#0867f9d540
Легкая пуховая куртка Armani Jeans,1 200 грн.,"Киев, Голосеевский",https://www.olx.ua/obyavlenie/legkaya-puhovaya-kurtka-armani-jeans-IDsh2mi.html#0867f9d540
Женские вьетнамки шлепанцы сланцы CROCS оригинал размер W 6 стелька 23,370 грн.,Тернополь,https://www.olx.ua/obyavlenie/zhenskie-vetnamki-shlepantsy-slantsy-crocs-original-razmer-w-6-stelka-23-IDBeBbE.html#0867f9d540
"Легкие кроссовки для бега, просто прогулок, 37 р.Новые",250 грн.,"Киев, Голосеевский",https://www.olx.ua/obyavlenie/legkie-krossovki-dlya-bega-prosto-progulok-37-r-novye-IDBeCND.html#0867f9d540
Туфли женские на каблуке,200 грн.,"Житомир, Крошня",https://www.olx.ua/obyavlenie/tufli-zhenskie-na-kabluke-IDBeCNI.html#0867f9d540
Продам ночную рубашку,170 грн.,Чернигов,https://www.olx.ua/obyavlenie/prodam-nochnuyu-rubashku-IDAynPc.html#0867f9d540
Стильная рубашечка,115 грн.,Здолбунов,https://www.olx.ua/obyavlenie/stilnaya-rubashechka-IDBeCNt.html#0867f9d540
Платье чёрное лак М обмен,300 грн.,"Киев, Святошинский",https://www.olx.ua/obyavlenie/plate-chernoe-lak-m-obmen-IDxLyxM.html#0867f9d540
Желтые Босоножки Schutz р 35,600 грн.,"Киев, Святошинский",https://www.olx.ua/obyavlenie/zheltye-bosonozhki-schutz-r-35-IDxLvCK.html#0867f9d540
Кроссовки Geox respira,1 300 грн.,"Киев, Днепровский",https://www.olx.ua/obyavlenie/krossovki-geox-respira-IDxIyZC.html#0867f9d540
Сандалі жіночі 35 розмір.,280 грн.,Нижнее Болотное,https://www.olx.ua/obyavlenie/sandal-zhnoch-35-rozmr-IDspYp4.html#0867f9d540
Блузка,300 грн.,Бровары,https://www.olx.ua/obyavlenie/bluzka-IDw3xhM.html#0867f9d540
Юбка летняя шифон,299 грн.,"Харьков, Фрунзенский",https://www.olx.ua/obyavlenie/yubka-letnyaya-shifon-IDBeCNk.html#0867f9d540
Олимпийка Nike Jordan (lacoste\burberry\carhartt),350 грн.,"Киев, Голосеевский",https://www.olx.ua/obyavlenie/olimpiyka-nike-jordan-lacoste-burberry-carhartt-IDBeCNr.html#0867f9d540
